[
{
    "id": "C06S68S6WQ7",
    "name": "random",
    "created": 1712153186,
    "creator": "U06T9K1KD6C",
    "is_archived": false,
    "is_general": false,
    "members": [
        "U06T9K1KD6C"
    ],
    "topic": {
        "value": "",
        "creator": "",
        "last_set": 0
    },
    "purpose": {
        "value": "This channel is for... well, everything else. It’s a place for team jokes, spur-of-the-moment ideas and funny GIFs. Go wild!",
        "creator": "U06T9K1KD6C",
        "last_set": 1712153186
    }
},
{
    "id": "C06SHTQJ1E1",
    "name": "general",
    "created": 1712153185,
    "creator": "U06T9K1KD6C",
    "is_archived": false,
    "is_general": true,
    "members": [
        "U06T9K1KD6C"
    ],
    "topic": {
        "value": "",
        "creator": "",
        "last_set": 0
    },
    "purpose": {
        "value": "This is the one channel that will always include everyone. It’s a great spot for announcements and team-wide conversations.",
        "creator": "U06T9K1KD6C",
        "last_set": 1712153185
    }
}
]