[
{"id":"U06T9K1KD6C","team_id":"T06SHTQFRJ9","name":"jibincbaby222","deleted":false,"color":"9f69e7","real_name":"jibincbaby222","tz":"Asia\/Kolkata","tz_label":"India Standard Time","tz_offset":19800,"profile":{"title":"","phone":"","skype":"","real_name":"jibincbaby222","real_name_normalized":"jibincbaby222","display_name":"","display_name_normalized":"","fields":{},"status_text":"","status_emoji":"","status_emoji_display_info":[],"status_expiration":0,"avatar_hash":"g03299ec6b4d","email":"jibincbaby222@gmail.com","first_name":"jibincbaby222","last_name":"","image_24":"https:\/\/secure.gravatar.com\/avatar\/03299ec6b4dfdde569f1f4e11afb0994.jpg?s=24&d=https%3A%2F%2Fa.slack-edge.com%2Fdf10d%2Fimg%2Favatars%2Fava_0011-24.png","image_32":"https:\/\/secure.gravatar.com\/avatar\/03299ec6b4dfdde569f1f4e11afb0994.jpg?s=32&d=https%3A%2F%2Fa.slack-edge.com%2Fdf10d%2Fimg%2Favatars%2Fava_0011-32.png","image_48":"https:\/\/secure.gravatar.com\/avatar\/03299ec6b4dfdde569f1f4e11afb0994.jpg?s=48&d=https%3A%2F%2Fa.slack-edge.com%2Fdf10d%2Fimg%2Favatars%2Fava_0011-48.png","image_72":"https:\/\/secure.gravatar.com\/avatar\/03299ec6b4dfdde569f1f4e11afb0994.jpg?s=72&d=https%3A%2F%2Fa.slack-edge.com%2Fdf10d%2Fimg%2Favatars%2Fava_0011-72.png","image_192":"https:\/\/secure.gravatar.com\/avatar\/03299ec6b4dfdde569f1f4e11afb0994.jpg?s=192&d=https%3A%2F%2Fa.slack-edge.com%2Fdf10d%2Fimg%2Favatars%2Fava_0011-192.png","image_512":"https:\/\/secure.gravatar.com\/avatar\/03299ec6b4dfdde569f1f4e11afb0994.jpg?s=512&d=https%3A%2F%2Fa.slack-edge.com%2Fdf10d%2Fimg%2Favatars%2Fava_0011-512.png","status_text_canonical":"","team":"T06SHTQFRJ9"},"is_admin":true,"is_owner":true,"is_primary_owner":true,"is_restricted":false,"is_ultra_restricted":false,"is_bot":false,"is_app_user":false,"updated":1712153185,"is_email_confirmed":true,"who_can_share_contact_card":"EVERYONE"}
]