[
{
    "id": "C06SHJ7CQ9K",
    "name": "general",
    "created": 1712150432,
    "creator": "U06SLFVHMNW",
    "is_archived": false,
    "is_general": true,
    "members": [
        "U06SLFVHMNW"
    ],
    "topic": {
        "value": "",
        "creator": "",
        "last_set": 0
    },
    "purpose": {
        "value": "This is the one channel that will always include everyone. It’s a great spot for announcements and team-wide conversations.",
        "creator": "U06SLFVHMNW",
        "last_set": 1712150432
    }
},
{
    "id": "C06T99JHH2L",
    "name": "random",
    "created": 1712150433,
    "creator": "U06SLFVHMNW",
    "is_archived": false,
    "is_general": false,
    "members": [
        "U06SLFVHMNW"
    ],
    "topic": {
        "value": "",
        "creator": "",
        "last_set": 0
    },
    "purpose": {
        "value": "This channel is for... well, everything else. It’s a place for team jokes, spur-of-the-moment ideas, and funny GIFs. Go wild!",
        "creator": "U06SLFVHMNW",
        "last_set": 1712150433
    }
}
]