[
{"id":"U06SLFVHMNW","team_id":"T06SNVDAPQU","name":"pothaluranurag2002","deleted":false,"color":"9f69e7","real_name":"Anurag Chandra","tz":"Asia\/Kolkata","tz_label":"India Standard Time","tz_offset":19800,"profile":{"title":"","phone":"","skype":"","real_name":"Anurag Chandra","real_name_normalized":"Anurag Chandra","display_name":"","display_name_normalized":"","fields":{},"status_text":"","status_emoji":"","status_emoji_display_info":[],"status_expiration":0,"avatar_hash":"c156bf21f6c7","image_original":"https:\/\/avatars.slack-edge.com\/2024-04-05\/6901964481991_c156bf21f6c7848e5552_original.jpg","is_custom_image":true,"email":"pothaluranurag2002@gmail.com","first_name":"Anurag","last_name":"Chandra","image_24":"https:\/\/avatars.slack-edge.com\/2024-04-05\/6901964481991_c156bf21f6c7848e5552_24.jpg","image_32":"https:\/\/avatars.slack-edge.com\/2024-04-05\/6901964481991_c156bf21f6c7848e5552_32.jpg","image_48":"https:\/\/avatars.slack-edge.com\/2024-04-05\/6901964481991_c156bf21f6c7848e5552_48.jpg","image_72":"https:\/\/avatars.slack-edge.com\/2024-04-05\/6901964481991_c156bf21f6c7848e5552_72.jpg","image_192":"https:\/\/avatars.slack-edge.com\/2024-04-05\/6901964481991_c156bf21f6c7848e5552_192.jpg","image_512":"https:\/\/avatars.slack-edge.com\/2024-04-05\/6901964481991_c156bf21f6c7848e5552_512.jpg","image_1024":"https:\/\/avatars.slack-edge.com\/2024-04-05\/6901964481991_c156bf21f6c7848e5552_1024.jpg","status_text_canonical":"","team":"T06SNVDAPQU"},"is_admin":true,"is_owner":true,"is_primary_owner":true,"is_restricted":false,"is_ultra_restricted":false,"is_bot":false,"is_app_user":false,"updated":1712305057,"is_email_confirmed":true,"who_can_share_contact_card":"EVERYONE"}
]